Category,Group,Product,Type,Lang,URL
Aerosols,Clearcoats,Mipa 2-Schicht-Acryl-Klarlack,SDS,US,https://www.mipa-paints.com/fileadmin/product/gb/usmsds/auto/2-Schicht-Acryl-Klarlack_Spray_USA.pdf
Aerosols,Corrosion Protection,Mipa Steinschlagschutz-Spray,SDS,US,https://www.mipa-paints.com/fileadmin/product/gb/usmsds/auto/Steinschlagschutz-Spray_USA.pdf
Aerosols,Corrosion Protection,Mipa Zink-Alu-Spray,SDS,US,https://www.mipa-paints.com/fileadmin/product/gb/usmsds/bau/Zink-Alu_Spray_USA.pdf
Aerosols,Special Requests,Mipa Mix Acryllackspray 48+,SDS,GB,https://www.mipa-paints.com/fileadmin/product/gb/sdb// Mipa_Mix_Acryllackspray_GB.pdf
Aerosols,Special Requests,Mipa Mix PU 250-2K-Lack-Spray 48+,SDS,GB,https://www.mipa-paints.com/fileadmin/product/gb/sdb//Mipa_Mix_PU_250_2K-L_Spray_GB.pdf
Aerosols,Winner Series,"Mipa Winner-Spray ""Felgensilber""",SDS,US,https://www.mipa-paints.com/fileadmin/product/gb/usmsds/auto/Winner_Felgensilber_USA.pdf
Car Refinishing,Mipa 2K-Primer / Filler,Mipa 2K-DTM-Acryl-Schleiffiller,TDS,EN,https://www.mipa-paints.com/fileadmin/product/gb/pi/lm/Mipa_2K-DTM-Acryl-Schleiffiller_F_63_EN.pdf
Car Refinishing,Mipa Basecoat System WBC,Mipa WBC-Mischlack C,TDS,EN,https://www.mipa-paints.com/fileadmin/product/gb/pi/wbs/Mipa_WBC-Mischlack_CV_EN.pdf
Car Refinishing,Mipa Special-Enamels,Mipa Grip-Additiv,TDS,EN,https://www.mipa-paints.com/fileadmin/product/gb/pi/lm/Mipa_Grip_Additiv_EN.pdf
Car Refinishing,Mipa Underbody Protection,Mipa Steinschlagschutz-Spray,SDS,US,https://www.mipa-paints.com/fileadmin/product/gb/usmsds/auto/Steinschlagschutz-Spray_USA.pdf
Decorative,Mipa Building Enamels / Primer,Mipa Metallgrund Premium,SDS,US,https://www.mipa-paints.com/fileadmin/product/gb/usmsds/bau/Metallgrund_Premium_diverse_Farbtoene_USA.pdf
Decorative,Mipa Building Enamels / Primer,Mipa Zinkausbesserungsfarbe silbergrau,SDS,US,https://www.mipa-paints.com/fileadmin/product/gb/usmsds/bau/Zinkausbesserungsfarbe_USA.pdf
Decorative,Mipa Building Enamels / White enamels,Mipa Heizkörperlack weiß,SDS,US,https://www.mipa-paints.com/fileadmin/product/gb/usmsds/bau/Heizkoerperlack_USA.pdf
Decorative,Mipa Building Enamels / White enamels,Mipa WBS Heizkörperlack WBS,SDS,US,https://www.mipa-paints.com/fileadmin/product/gb/usmsds/bau/WBS_Heizkoerperlack_USA.pdf
Decorative,Mipa Exterior Paints,Mipa Fassaden-Füllfarbe,SDS,US,https://www.mipa-paints.com/fileadmin/product/gb/usmsds/bau/Fassaden-Fuellfarbe_USA.pdf
Decorative,Mipa Exterior Paints,Mipa Fassaden-Silikatfarbe,SDS,US,https://www.mipa-paints.com/fileadmin/product/gb/usmsds/bau/Fassaden-Silikatfarbe_USA.pdf
Decorative,Mipa Exterior Paints,Mipa Fassaden-Silikonharzfarbe,SDS,US,https://www.mipa-paints.com/fileadmin/product/gb/usmsds/bau/Fassaden-Silikonharzfarbe_USA.pdf
Decorative,Mipa Exterior Paints,Mipa Silikatverdünner,SDS,US,https://www.mipa-paints.com/fileadmin/product/gb/usmsds/bau/Silikatverduenner_USA.pdf
Decorative,Mipa Exterior Paints,Mipa Silikonharz-Streichfüller,SDS,US,https://www.mipa-paints.com/fileadmin/product/gb/usmsds/bau/Silikonharz-Streichfueller_USA.pdf
Decorative,Mipa Exterior Paints,MipaSil,SDS,US,https://www.mipa-paints.com/fileadmin/product/gb/usmsds/bau/MipaSil_USA.pdf
Decorative,Mipa Filler / Sealing Agents,Mipa Acryl A 100,SDS,US,https://www.mipa-paints.com/fileadmin/product/gb/usmsds/bau/Acryl_A_100_USA.pdf
Decorative,Mipa Filler / Sealing Agents,Mipa Füll-und Glättspachtel,SDS,US,https://www.mipa-paints.com/fileadmin/product/gb/usmsds/bau/Fuell-_u_Glaettspachtel_USA.pdf
Decorative,Mipa Filler / Sealing Agents,Mipamur Super Haftspachtel,SDS,US,https://www.mipa-paints.com/fileadmin/product/gb/usmsds/bau/Mipamur_USA.pdf
Decorative,Mipa Filler / Sealing Agents,Miparit A 110,SDS,US,https://www.mipa-paints.com/fileadmin/product/gb/usmsds/bau/Miparit_A_110_USA.pdf
Decorative,Mipa Floor Coatings,Mipa Grip-Substrat,SDS,US,https://www.mipa-paints.com/fileadmin/product/gb/usmsds/bau/Grip-Substrat_USA.pdf
Decorative,Mipa Floor Coatings,Mipa WBS Betonfarbe,SDS,US,https://www.mipa-paints.com/fileadmin/product/gb/usmsds/bau/WBS_Betonfarbe_div_Farben_USA.pdf
Decorative,Mipa Impregnation,Mipa WBS MicroSil Fassadenschutz,SDS,US,https://www.mipa-paints.com/fileadmin/product/gb/usmsds/bau/WBS_MicroSil_Konzentrat_USA.pdf
Decorative,Mipa Interior Paints,Mipa AirPlus,SDS,US,https://www.mipa-paints.com/fileadmin/product/gb/usmsds/bau/AirPlus_USA.pdf
Decorative,Mipa Interior Paints,Mipa Extra weiß,SDS,US,https://www.mipa-paints.com/fileadmin/product/gb/usmsds/bau/Extra-Weiss_USA.pdf
Decorative,Mipa Interior Paints,Mipa Latexfarbe matt,SDS,US,https://www.mipa-paints.com/fileadmin/product/gb/usmsds/bau/Latexfarbe_matt_USA.pdf
Decorative,Mipa Interior Paints,Mipa Latexfarbe satin gloss,SDS,US,https://www.mipa-paints.com/fileadmin/product/gb/usmsds/bau/Latexfarbe_seidenglaenzend_USA.pdf
Decorative,Mipa Interior Paints,Mipa Limes Kalkfarbe Innen,SDS,US,https://www.mipa-paints.com/fileadmin/product/gb/usmsds/bau/Limes_Kalkfarbe_Innen_USA.pdf
Decorative,Mipa Interior Paints,Mipa Plus,SDS,US,https://www.mipa-paints.com/fileadmin/product/gb/usmsds/bau/Mipa_Plus_USA.pdf
Decorative,Mipa Interior Paints,Mipa Silikatverdünner,SDS,US,https://www.mipa-paints.com/fileadmin/product/gb/usmsds/bau/Silikatverduenner_USA.pdf
Decorative,Mipa Interior Paints,Mipa Strukturfarbe,SDS,US,https://www.mipa-paints.com/fileadmin/product/gb/usmsds/bau/Strukturfarbe_USA.pdf
Decorative,Mipa Interior Paints,Mipa WBS Renovierfarbe,SDS,US,https://www.mipa-paints.com/fileadmin/product/gb/usmsds/bau/WBS_Renovierfarbe_USA.pdf
Decorative,Mipa Primers,Mipa Silikat-Gipsgrundiermittel,SDS,US,https://www.mipa-paints.com/fileadmin/product/gb/usmsds/bau/Silikat-Gipsgrundiermittel_USA.pdf
Decorative,Mipa Primers,Mipa Tiefgrund LF,SDS,US,https://www.mipa-paints.com/fileadmin/product/gb/usmsds/bau/Tiefgrund_LF_USA.pdf
Decorative,Mipa Primers,Mipa Tiefgrund LF Konzentrat,SDS,US,https://www.mipa-paints.com/fileadmin/product/gb/usmsds/bau/Tiefgrund_LF-Konzentrat_USA.pdf
Decorative,Mipa Primers,Mipa Tiefgrund LH,SDS,US,https://www.mipa-paints.com/fileadmin/product/gb/usmsds/bau/Tiefgrund_LH_USA.pdf
Decorative,Mipa Special Enamels,Mipa Hammerschlag-Effektlack,SDS,US,https://www.mipa-paints.com/fileadmin/product/gb/usmsds/bau/Hammerschlag-Effektlack_USA.pdf
Decorative,Mipa Special Enamels,Mipa Zaponlack,SDS,US,https://www.mipa-paints.com/fileadmin/product/gb/usmsds/bau/Zaponlack_USA.pdf
Decorative,Mipa Special Enamels,Mipalux HS Goldlack,SDS,US,https://www.mipa-paints.com/fileadmin/product/gb/usmsds/bau/Mipalux_HS_Goldlack_USA.pdf
Decorative,Mipa Special Enamels,Mipalux HS Silber-Metallic,SDS,US,https://www.mipa-paints.com/fileadmin/product/gb/usmsds/bau/Mipalux_HS_silber-metallic_USA.pdf
Decorative,Mipa Special Enamels,Miparox Rostschutzemulsion,SDS,US,https://www.mipa-paints.com/fileadmin/product/gb/usmsds/bau/Miparox_Rostschutzemulsion_USA.pdf
Decorative,Mipa Special exterior paints,Mipa Rasenmarkierungsfarbe für Rollapplikation,SDS,US,https://www.mipa-paints.com/fileadmin/product/gb/usmsds/bau/Rasenmarkierungsfarbe_fuer_Rollapplikation_USA.pdf
Decorative,Mipa Textured Plasters,Mipa Edelputz,SDS,US,https://www.mipa-paints.com/fileadmin/product/gb/usmsds/bau/Edelputz_USA.pdf
Decorative,Mipa Thinners for Bulding Enamels,Mipa Nitroverdünnung,TDS,EN,https://www.mipa-paints.com/fileadmin/product/gb/pi/lm/Mipa_Nitroverduennung_EN.pdf
Decorative,Mipa Thinners for Bulding Enamels,Mipa Terpentinersatz,SDS,US,https://www.mipa-paints.com/fileadmin/product/gb/usmsds/bau/Terpentinersatz_USA.pdf
Decorative,Mipa Wood Preservation / Primer,Mipa WBS Holzschutzgrund Premium,SDS,US,https://www.mipa-paints.com/fileadmin/product/gb/usmsds/bau/WBS_Holzschutzgrund_USA.pdf
Decorative,Mipa Wood Preservation / Primer,Mipa WBS Isoliergrund,SDS,US,https://www.mipa-paints.com/fileadmin/product/gb/usmsds/bau/WBS_Isoliergrund_USA.pdf
Decorative,Mipa Wood Preservation / Primer,Mipaxyl Spezial,SDS,US,https://www.mipa-paints.com/fileadmin/product/gb/usmsds/bau/Mipaxyl_Spezial_USA.pdf
Decorative,Mipa Wood Preservation / Stain / Weather protective paint,Mipa WBS Holzlasur,SDS,US,https://www.mipa-paints.com/fileadmin/product/gb/usmsds/bau/WBS_Holzlasur_USA.pdf
Decorative,Mipa Wood Preservation / Stain / Weather protective paint,Mipaxyl UV-Protection,SDS,US,https://www.mipa-paints.com/fileadmin/product/gb/usmsds/bau/Mipaxyl_UV-Protection_USA.pdf
Industry,Mipa 1K-Acrylic Enamels,Mipa AY 210-05 1K Acrylic Top Coat dull matt,SDS,US,https://www.mipa-paints.com/fileadmin/product/gb/usmsds/ind/AY_210-05_1K-Acryllack_stm_USA.pdf
Industry,Mipa 1K-Acrylic Enamels,Mipa AY 210-10 1K Acrylic Top Coat matt,SDS,US,https://www.mipa-paints.com/fileadmin/product/gb/usmsds/ind/AY_210-10_1K-Acryllack_matt_USA.pdf
Industry,Mipa 1K-Acrylic Enamels,Mipa AY 210-30 1K Acrylic Top Coat satin matt,SDS,US,https://www.mipa-paints.com/fileadmin/product/gb/usmsds/ind/AY_210-30_1K-Acryllack_sm_USA.pdf
Industry,Mipa 1K-Acrylic Enamels,Mipa AY 210-90 1K Acrylic Top Coat gloss,SDS,US,https://www.mipa-paints.com/fileadmin/product/gb/usmsds/ind/AY_210-90_1K-Acryllack_gl_USA.pdf
Industry,Mipa 1K-Primer / Filler,Mipa AK 100-20 Synthetic Primer,SDS,US,https://www.mipa-paints.com/fileadmin/product/gb/usmsds/ind/AK_100-20_KH-Grund_USA.pdf
Industry,Mipa 1K-Primer / Filler,Mipa Haftgrund,SDS,US,https://www.mipa-paints.com/fileadmin/product/gb/usmsds/ind/Haftgrund_USA.pdf
Industry,Mipa 1K-Primer / Filler,Mipa WAY 1000-20 WBS 1K-Allgrund,SDS,US,https://www.mipa-paints.com/fileadmin/product/gb/usmsds/ind/WAY_1000-20_WBS_1K-Allgrund_USA.pdf
Industry,Mipa 1K-Primer / Filler,Mipa WSA 1000-20 WBS Primer,SDS,US,https://www.mipa-paints.com/fileadmin/product/gb/usmsds/ind/WSA_1000-20_WBS_Primer_USA.pdf
Industry,Mipa 1K-Waterbased-Top Coats,Mipa WPA 2100-40 WBS 1K PU Top Coat satin matt,SDS,US,https://www.mipa-paints.com/fileadmin/product/gb/usmsds/ind/WPA_2100-40_1K-PU-Acryllack_USA.pdf
Industry,Mipa 2K-Acrylic Top Coats PUR,Mipa PU 200-50 2K-PU-Top Coat,SDS,US,https://www.mipa-paints.com/fileadmin/product/gb/usmsds/ind/PU_200-50_2K-PU-Spritzlack_hg_USA.pdf
Industry,Mipa 2K-Acrylic Top Coats PUR,Mipa PU 200-90 2K-PU-Top Coat gloss,SDS,US,https://www.mipa-paints.com/fileadmin/product/gb/usmsds/ind/PU_200-90_2K-PU-Spritzlack_gl_USA.pdf
Industry,Mipa 2K-Acrylic Top Coats PUR,Mipa PU 260-90 2K PU HS Top Coat gloss,SDS,US,https://www.mipa-paints.com/fileadmin/product/gb/usmsds/ind/PU_260-90_2K-PU-HS-Lack_gl_USA.pdf
Industry,Mipa 2K-Acrylic Top Coats PUR,Mipa PU 300-30 2K PU Texture Top Coat satin matt,SDS,US,https://www.mipa-paints.com/fileadmin/product/gb/usmsds/ind/PU_300-30_2K-PU-Strukturlack_USA.pdf
Industry,Mipa 2K-Acrylic Top Coats PUR,Mipa PU 300-70 2K PU Texture Top Coat satin gloss,SDS,US,https://www.mipa-paints.com/fileadmin/product/gb/usmsds/ind/PU_300-70_2K-PU-Strukturlack_USA.pdf
Industry,Mipa 2K-Acrylic Top Coats PUR,Mipa PU 500-20 2K PU Mica Rop Coat matt,SDS,US,https://www.mipa-paints.com/fileadmin/product/gb/usmsds/ind/PU_500-20_2K-PUR-Eisenglimmer_USA.pdf
Industry,Mipa 2K-Epoxy Top Coats,Mipa EP 275-70 2K EP Floorcoat,SDS,US,https://www.mipa-paints.com/fileadmin/product/gb/usmsds/ind/EP_275-70_2K-EP_Fussbodenfarbe_USA.pdf
Industry,Mipa 2K-Epoxy Top Coats,Mipa EP 500-20 2K EP Mica Topcoat matt,SDS,US,https://www.mipa-paints.com/fileadmin/product/gb/usmsds/ind/EP_500-20_2K-EP-Eisenglimmer_USA.pdf
Industry,Mipa 2K-Epoxy-Primer / Filler,Mipa 2K-Zinkstaubfarbe,SDS,US,https://www.mipa-paints.com/fileadmin/product/gb/usmsds/ind/2K-Zinkstaubfarbe_USA.pdf
Industry,Mipa 2K-Epoxy-Primer / Filler,Mipa EP 100-20 2K EP Primer,SDS,US,https://www.mipa-paints.com/fileadmin/product/gb/usmsds/ind/EP_100-20_2K-EP-Grund_USA.pdf
Industry,Mipa 2K-Epoxy-Primer / Filler,Mipa WEP 1000-20 WBS 2K EP Primer,SDS,US,https://www.mipa-paints.com/fileadmin/product/gb/usmsds/ind/WEP_1000-20_WBS_2K-EP-Grundierfiller_USA.pdf
Industry,Mipa 2K-Waterbased PUR Top Coats,Mipa WPU 3000-70 WBS 2K PU Texture Top Coat satin gloss,SDS,US,https://www.mipa-paints.com/fileadmin/product/gb/usmsds/ind/WPU_3000-70_WBS_Strukturlack_USA.pdf
Industry,Mipa Hardeners and Additives,Mipa EP 950-10 2K EP Hardener fast,SDS,US,https://www.mipa-paints.com/fileadmin/product/gb/usmsds/ind/EP-Haerter_950-15_USA.pdf
Industry,Mipa Hardeners and Additives,Mipa EP 950-25 2K EP Hardener normal,SDS,US,https://www.mipa-paints.com/fileadmin/product/gb/usmsds/ind/EP-Haerter_950-25_USA.pdf
Industry,Mipa Hardeners and Additives,Mipa Entfettungsmittel 3 Plus,SDS,US,https://www.mipa-paints.com/fileadmin/product/gb/usmsds/ind/Entfettungsmittel_3_Plus_USA.pdf
Industry,Mipa Hardeners and Additives,Mipa PU 900-25 2K-PU-Härter,SDS,US,https://www.mipa-paints.com/fileadmin/product/gb/usmsds/ind/PU_900-25_2K-PU-Haerter_USA.pdf
Industry,Mipa Hardeners and Additives,Mipa Verdünnung BC,SDS,US,https://www.mipa-paints.com/fileadmin/product/gb/usmsds/ind/BC-Verduennung_USA.pdf
Industry,Mipa Hardeners and Additives,Mipa Verdünnung BC,TDS,EN,https://www.mipa-paints.com/fileadmin/product/gb/pi/lm/Mipa_BC-Verduennung_EN.pdf
Industry,Mipa Hardeners and Additives,Mipa WBS VE-Wasser,SDS,US,https://www.mipa-paints.com/fileadmin/product/gb/usmsds/ind/WBS_VE-Wasser_USA.pdf
Industry,Mipa Hardeners and Additives,Mipa WPU 9400-25 WBS 2K PUR Hardener,SDS,US,https://www.mipa-paints.com/fileadmin/product/gb/usmsds/ind/WPU_9400-25_USA.pdf
Industry,Mipa Nitrobased-Top Coats,Mipa CN 200-10 Cellulose Top Coat matt,SDS,US,https://www.mipa-paints.com/fileadmin/product/gb/usmsds/ind/CN_200-10_Nitro-Kombi-Decklack_USA.pdf
Industry,Mipa Nitrobased-Top Coats,Mipa CN 200-30 Cellulose Top Coat satin matt,SDS,US,https://www.mipa-paints.com/fileadmin/product/gb/usmsds/ind/CN_200-30_Nitro-Kombi-Decklack_USA.pdf
Industry,Mipa Single-Coat-Enamels,Mipa VC 555-20 Single Mica Coat matt,SDS,US,https://www.mipa-paints.com/fileadmin/product/gb/usmsds/ind/VC_555-20_1K-Eisenglimmer_USA.pdf
Industry,Mipa Synthetic Enamels,AK 225-30 KH-Einschichtlack,SDS,US,https://www.mipa-paints.com/fileadmin/product/gb/usmsds/ind/AK_225-30_KH-Einschichtlack_DS_USA.pdf
Industry,Mipa Synthetic Enamels,Mipa AK 200-90 Synthetic Top Coa,SDS,US,https://www.mipa-paints.com/fileadmin/product/gb/usmsds/ind/AK_200-90_KH-Spritzlack_gl_USA.pdf
Industry,Mipa Synthetic Enamels,Mipa AK 220-30 Synthetic IndustrialTop Coat satin matt,SDS,US,https://www.mipa-paints.com/fileadmin/product/gb/usmsds/ind/AK_220-30_KH-Lack_Industry_USA.pdf
Industry,Mipa Synthetic Enamels,Mipa AK 230-30 Synthetic HS Top Coat satin matt,SDS,US,https://www.mipa-paints.com/fileadmin/product/gb/usmsds/ind/AK_230-30_KH-Dickschichtlack_USA.pdf
Industry,Mipa Synthetic Enamels,Mipa AK 235-90 Synthetic Top Coat,SDS,US,https://www.mipa-paints.com/fileadmin/product/gb/usmsds/ind/AK_235-90_KH-Decklack_glaenzend_USA.pdf
Industry,Mipa Synthetic Enamels,Mipa AK 260-70 Synthetic HS HB Top Coat satin gloss,SDS,US,https://www.mipa-paints.com/fileadmin/product/gb/usmsds/ind/AK_260-70_KH-DickschichtlackHS_USA.pdf
Industry,Mipa Waterbased Single-Coat-Enamels,Mipa WAY 2000-40 WBS Single Coat satin matt,SDS,US,https://www.mipa-paints.com/fileadmin/product/gb/usmsds/ind/WAY_2000-40_Einsch_-Spritzlack_USA.pdf
Industry,Mipa Waterbased Single-Coat-Enamels,Mipa WAY 2010-40 Airless Single Coat satin matt,SDS,US,https://www.mipa-paints.com/fileadmin/product/gb/usmsds/ind/WAY_2010-40_WBS_Airlesslack_USA.pdf
Industry,Mipa Waterbased Single-Coat-Enamels,Mipa WAY 2200-20 WBS Single Coat matt,SDS,US,https://www.mipa-paints.com/fileadmin/product/gb/usmsds/ind/WAY_2200-20_WBS_Einschichtlack_USA.pdf
